Date_Processed,Fragment_ID,prot_ug.mL,surface.area.cm2,Species,Homogenate.Vol,Tank,Sample.Date,prot_ug,prot_ug.cm2,prot_mg.cm2,Priming_Treatment,Secondary_Treatment,Treatmentstage,Secondary.Treatment
20240212,MD-2-21,231.8417566681716,5.603703334,Madracis decactis,25,3,2024-08-15,5796.04391670429,1034.3238339433992,1.0343238339433993,Low pH,Stress,Stress,Control
20240212,MD-1-5,505.34799871948593,16.477362947160714,Madracis decactis,25,7,2024-07-23,12633.699967987148,766.7306964409688,0.7667306964409688,High Heat,Priming,Priming,NONE
20240212,MD-1-14,639.2248590734753,16.045965199718264,Madracis decactis,21.5,5,2024-08-06,13743.334470079719,856.4978359993593,0.8564978359993592,Control,Recovery,Recovery,NONE
20240212,DL-1-15,723.4208532804764,32.80374178683376,Diploria labrinthiformis,27.5,2,2024-07-23,19894.073465213103,606.4574460587257,0.6064574460587258,Low pH,Priming,Priming,NONE
20240212,MD-2-19,246.4845382693892,19.451332685514764,Madracis decactis,27,4,2024-08-15,6655.0825332735085,342.1401834450906,0.3421401834450906,Control,Stress,Stress,High_Temp
20240212,DL-3-14,825.9203244889995,17.348632799269822,Diploria labrinthiformis,28,5,2024-08-15,23125.769085691987,1333.0023958236823,1.3330023958236823,Control,Stress,Stress,Control
20240212,DL-1-17,1349.9227232182861,41.73624394842614,Diploria labrinthiformis,26,2,2024-08-15,35097.99080367544,840.9475190687103,0.8409475190687103,Low pH,Stress,Stress,High_Temp
20240212,MD-2-7,300.87201278819737,9.459535870902211,Madracis decactis,25,7,2024-08-15,7521.800319704934,795.1553249924444,0.7951553249924445,High Heat,Stress,Stress,Control
20240212,DL-1-11,749.5686775683649,29.935701513781716,Diploria labrinthiformis,27.5,7,2024-08-15,20613.138633130035,688.5804437768132,0.6885804437768133,High Heat,Stress,Stress,Control
20240212,DL-3-18,1278.8006411552292,23.317758169038328,Diploria labrinthiformis,31,2,2024-08-15,39642.81987581211,1700.1128319638567,1.7001128319638568,Low pH,Stress,Stress,High_Temp
20240212,MD-1-24,918.483622468125,19.71880458540234,Madracis decactis,27,5,2024-08-15,24799.057806639375,1257.6349493821701,1.2576349493821701,Control,Stress,Stress,Control
20240212,DL-1-6,1301.810726528571,26.78694815767932,Diploria labrinthiformis,25,3,2024-08-15,32545.268163214274,1214.9673778303913,1.2149673778303913,Low pH,Stress,Stress,Control
20240212,MD-5-3,1036.6717882493813,52.22061278,Madracis decactis,28.5,3,2024-08-15,29545.145965107367,565.775550922353,0.565775550922353,Low pH,Stress,Stress,Control
20240212,DL-2-24,974.4399664442064,32.207888544509906,Diploria labrinthiformis,28.5,7,2024-08-15,27771.539043659883,862.2589153983447,0.8622589153983446,High Heat,Stress,Stress,Control
20240212,DL-3-9,852.0681487768879,20.343788430684256,Diploria labrinthiformis,25,2,2024-08-15,21301.7037194222,1047.0863768565905,1.0470863768565906,Low pH,Stress,Stress,High_Temp
20240212,MD-1-13,544.5697351513187,13.543116758294916,Madracis decactis,25,2,2024-08-15,13614.243378782967,1005.25186497004,1.00525186497004,Low pH,Stress,Stress,High_Temp
20240212,DL-3-6,330.68053247639034,26.19374315198801,Diploria labrinthiformis,95,4,2024-07-23,31414.65058525708,1199.318875617547,1.199318875617547,Control,Priming,Priming,NONE
20240212,MD-1-20,342.7085316488191,9.017280353266315,Madracis decactis,23.5,3,2024-07-23,8053.650493747248,893.1352002192087,0.8931352002192088,Low pH,Priming,Priming,NONE
20240212,DL-2-22,1072.7557857666675,26.15931607576484,Diploria labrinthiformis,27.5,7,2024-08-06,29500.784108583357,1127.7352979390087,1.1277352979390087,High Heat,Recovery,Recovery,NONE
20240212,DL-4-25,955.090576471169,27.67410743,Diploria labrinthiformis,30,7,2024-08-15,28652.71729413507,1035.361930519725,1.035361930519725,High Heat,Stress,Stress,Control
20240212,DL-2-20,398.1419191391427,29.99661095633033,Diploria labrinthiformis,26,3,2024-08-15,10351.68989761771,345.09531469031316,0.3450953146903132,Low pH,Stress,Stress,Control
20240212,MD-2-17,-3.4886619228253544,14.21841709959524,Madracis decactis,25,3,2024-08-15,-87.21654807063386,-6.134054688346193,-0.006134054688346193,Low pH,Stress,Stress,Control
20240212,DL-2-3,634.5182507016552,31.061202082615637,Diploria labrinthiformis,26,3,2024-08-15,16497.474518243034,531.1280121858631,0.5311280121858631,Low pH,Stress,Stress,Control
20240212,MD-4-26,926.8509262402492,20.44442142272119,Madracis decactis,27.5,5,2024-08-15,25488.400471606856,1246.716644339955,1.246716644339955,Control,Stress,Stress,Control
20240212,MD-4-7,794.0199788577754,24.64187648531353,Madracis decactis,37.5,6,2024-08-15,29775.749207166577,1208.3393577965871,1.208339357796587,High Heat,Stress,Stress,High_Temp
20240212,MD-1-16,85.41394065599573,38.64310356160727,Madracis decactis,25,6,2024-08-15,2135.3485163998935,55.25820442955847,0.05525820442955847,High Heat,Stress,Stress,High_Temp
20240212,DL-3-8,29.980553165671996,23.64613951147456,Diploria labrinthiformis,25,3,2024-08-15,749.5138291417999,31.69709071445213,0.031697090714452134,Low pH,Stress,Stress,Control
20240212,DL-2-4,372.517051337012,26.980269431855422,Diploria labrinthiformis,21,4,2024-08-15,7822.858078077252,289.9473668280294,0.28994736682802935,Control,Stress,Stress,High_Temp
20240212,MD-4-2,217.19897506695403,18.542987520549985,Madracis decactis,25,5,2024-08-15,5429.974376673851,292.8316901824026,0.2928316901824026,Control,Stress,Stress,Control
20240212,DL-4-1,-3.488661922825358,58.89681732735264,Diploria labrinthiformis,27,4,2024-08-15,-94.19387191628466,-1.599303259338251,-0.001599303259338251,Control,Stress,Stress,High_Temp
20240212,DL-3-11,624.5820774722577,24.54653996654166,Diploria labrinthiformis,50,3,2024-08-15,31229.103873612883,1272.2405649097568,1.2722405649097568,Low pH,Stress,Stress,Control
20240212,DL-1-16,-2.9657054370675837,29.268345882379073,Diploria labrinthiformis,27.5,2,2024-08-15,-81.55689951935855,-2.7865223353281356,-0.0027865223353281355,Low pH,Stress,Stress,High_Temp
20240212,MD-1-2,93.78124442812006,30.58187125212396,Madracis decactis,27,4,2024-08-06,2532.0935995592417,82.79720945406125,0.08279720945406124,Control,Recovery,Recovery,NONE
20240212,DL-3-19,126.20454654510183,31.453141104233023,Diploria labrinthiformis,25,4,2024-08-15,3155.113663627546,100.31156039938169,0.10031156039938169,Control,Stress,Stress,High_Temp
20240212,MD-4-24,232.3647131539294,9.817047816296524,Madracis decactis,25,3,2024-08-15,5809.117828848234,591.7377543180512,0.5917377543180512,Low pH,Stress,Stress,Control
20240212,MD-1-8,-2.9657054370675837,11.511919261128764,Madracis decactis,25,3,2024-08-06,-74.1426359266896,-6.440510417497471,-0.006440510417497471,Low pH,Recovery,Recovery,NONE
20240212,MD-5-2,596.8653837270957,16.832226655922433,Madracis decactis,25,acclimation,2024-07-09,14921.634593177392,886.4920190417708,0.8864920190417709,Acclimation,Acclimation,Acclimation,NONE
20240212,DL-4-22,934.172317040858,24.22345509737056,Diploria labrinthiformis,28,3,2024-08-15,26156.824877144027,1079.8139560191532,1.0798139560191533,Low pH,Stress,Stress,Control
20240212,MD-2-18,607.3245134422513,21.704982059815144,Madracis decactis,25,5,2024-08-15,15183.112836056282,699.5220173052561,0.6995220173052561,Control,Stress,Stress,Control
20240212,DL-4-24,1768.2879118245028,44.220289909758435,Diploria labrinthiformis,27.5,2,2024-08-15,48627.91757517383,1099.6743276538928,1.0996743276538927,Low pH,Stress,Stress,High_Temp
20240212,DL-1-13,476.0624355170507,30.98969969353675,Diploria labrinthiformis,40,3,2024-08-15,19042.497420682026,614.478281783852,0.614478281783852,Low pH,Stress,Stress,Control
20240212,DL-2-10,1038.2406577066545,20.264341331707712,Diploria labrinthiformis,25,6,2024-08-15,25956.01644266636,1280.871458775364,1.280871458775364,High Heat,Stress,Stress,High_Temp
20240212,DL-4-16,1152.2451716018486,44.25471698598151,Diploria labrinthiformis,34,7,2024-07-23,39176.33583446285,885.2465568104903,0.8852465568104904,High Heat,Priming,Priming,NONE
20240212,DL-2-25,743.8161562250294,35.88893746,Diploria labrinthiformis,32.5,5,2024-08-15,24174.025077313458,673.5787345127341,0.6735787345127341,Control,Stress,Stress,Control
20240212,MD-4-23,265.31097175666895,9.136451001731064,Madracis decactis,25,6,2024-08-06,6632.774293916724,725.9683538673853,0.7259683538673853,High Heat,Recovery,Recovery,NONE
20240212,MD-4-10,728.1274616522963,30.362067611622273,Madracis decactis,26,4,2024-08-15,18931.314002959705,623.5186037104074,0.6235186037104075,Control,Stress,Stress,High_Temp
20240212,DL-2-21,647.5921628455995,43.90779798711747,Diploria labrinthiformis,30,3,2024-07-23,19427.764885367986,442.4673013907025,0.4424673013907025,Low pH,Priming,Priming,NONE
20240212,MD-5-22,453.5753066294666,30.539499466003207,Madracis decactis,32.5,3,2024-08-15,14741.197465457664,482.6928313565739,0.48269283135657387,Low pH,Stress,Stress,Control
20240212,DL-4-12,761.5966767407937,23.65143598473965,Diploria labrinthiformis,37,3,2024-08-15,28179.077039409367,1191.4319729927197,1.1914319729927196,Low pH,Stress,Stress,Control
20240212,DL-2-19,714.5305930225943,33.902759989342144,Diploria labrinthiformis,26,2,2024-08-15,18577.79541858745,547.9729504154726,0.5479729504154726,Low pH,Stress,Stress,High_Temp
20240212,MD-4-22,246.4845382693892,41.96134406219296,Madracis decactis,25,3,2024-08-15,6162.11345673473,146.8521467663562,0.14685214676635622,Low pH,Stress,Stress,Control
20240212,DL-3-13,764.2114591695826,24.644524721945984,Diploria labrinthiformis,32.5,7,2024-07-23,24836.87242301143,1007.8048858006241,1.007804885800624,High Heat,Priming,Priming,NONE
20240212,DL-2-26,1041.9013531069588,33.42078092221807,Diploria labrinthiformis,27.5,5,2024-08-15,28652.28721044137,857.3195006162583,0.8573195006162583,Control,Stress,Stress,Control
20240212,DL-4-17,1366.1343742767767,30.33028877203165,Diploria labrinthiformis,37,2,2024-08-15,50546.97184824074,1666.550959279076,1.6665509592790761,Low pH,Stress,Stress,High_Temp
20240212,DL-1-19,847.3615404050681,32.13373791879848,Diploria labrinthiformis,25,4,2024-08-15,21184.038510126702,659.2460100240588,0.6592460100240588,Control,Stress,Stress,High_Temp
20240212,DL-2-13,992.2204869599706,24.059264426152396,Diploria labrinthiformis,26.5,6,2024-08-15,26293.84290443922,1092.8780879875048,1.0928780879875049,High Heat,Stress,Stress,High_Temp
20240212,MD-5-17,193.66593320785432,6.602088544380361,Madracis decactis,25,2,2024-08-15,4841.648330196358,733.351014251017,0.733351014251017,Low pH,Stress,Stress,High_Temp
20240212,DL-2-8,680.5384214483391,20.862842810664112,Diploria labrinthiformis,25,2,2024-08-15,17013.460536208477,815.4909995061646,0.8154909995061645,Low pH,Stress,Stress,High_Temp
20240212,DL-2-2,1214.999949892781,36.33119298139082,Diploria labrinthiformis,26.5,4,2024-08-15,32197.498672158694,886.2218944654682,0.8862218944654682,Control,Stress,Stress,High_Temp
20240212,MD-2-20,307.6704471030484,18.026581377202668,Madracis decactis,22.5,2,2024-08-15,6922.585059818589,384.02095854809403,0.38402095854809404,Low pH,Stress,Stress,High_Temp
20240212,MD-4-1,359.44313919306774,10.886935415846876,Madracis decactis,29,4,2024-07-23,10423.851036598964,957.464211776819,0.957464211776819,Control,Priming,Priming,NONE
20240215,MD-2-2,322.8361851900238,11.869431206523066,Madracis decactis,21,2,2024-08-06,6779.5598889904995,571.1781610280252,0.5711781610280252,Low pH,Recovery,Recovery,NONE
20240215,DL-1-12,1162.1813448312464,31.99867785053844,Diploria labrinthiformis,37.5,4,2024-07-23,43581.80043117174,1361.9875369456363,1.3619875369456362,Control,Priming,Priming,NONE
20240215,MD-2-9,1458.1747157701448,29.97807329990252,Madracis decactis,13.5,2,2024-08-15,19685.358662896953,656.6585672789373,0.6566585672789373,Low pH,Stress,Stress,High_Temp
20240215,DL-1-14,1227.5509055509676,15.8603238117765,Diploria labrinthiformis,18,5,2024-08-15,22095.91629991742,1393.1566947902356,1.3931566947902356,Control,Stress,Stress,Control
20240215,DL-3-2,1493.7357568016732,23.352185245261495,Diploria labrinthiformis,17.5,7,2024-08-15,26140.375744029283,1119.3974126825476,1.1193974126825477,High Heat,Stress,Stress,Control
20240215,MD-4-6,1258.4053382106763,17.067919716219457,Madracis decactis,23,6,2024-07-23,28943.322778845555,1695.7733139171633,1.6957733139171633,High Heat,Priming,Priming,NONE
20240215,MD-4-15,517.8989543776723,12.444098555786486,Madracis decactis,16,2,2024-08-15,8286.383270042757,665.8885923231139,0.6658885923231139,Low pH,Stress,Stress,High_Temp
20240215,DL-4-23,1937.7258132100208,28.77312563209208,Diploria labrinthiformis,13.5,5,2024-08-15,26159.29847833528,909.1573440029238,0.9091573440029238,Control,Stress,Stress,Control
20240215,DL-1-7,1426.7973266246784,34.951461695832094,Diploria labrinthiformis,24.5,4,2024-08-15,34956.53450230462,1000.1451386072682,1.0001451386072682,Control,Stress,Stress,High_Temp
20240215,DL-4-10,1500.5341911165242,31.50875407351664,Diploria labrinthiformis,30,2,2024-08-06,45016.02573349573,1428.683140833298,1.428683140833298,Low pH,Recovery,Recovery,NONE
20240215,DL-4-5,2320.529960784709,37.21835225,Diploria labrinthiformis,30,7,2024-08-06,69615.89882354127,1870.4723507350132,1.8704723507350132,High Heat,Recovery,Recovery,NONE
20240215,DL-2-16,1548.1232313204812,23.023803902825215,Diploria labrinthiformis,15.5,2,2024-08-06,23995.910085467458,1042.2217886646854,1.0422217886646854,Low pH,Recovery,Recovery,NONE
20240215,DL-3-4,1041.901353106959,28.142845313545152,Diploria labrinthiformis,30,4,2024-08-06,31257.04059320877,1110.6567315766313,1.1106567315766314,Control,Recovery,Recovery,NONE
20240215,MD-4-21,952.9987505281379,19.496352708268113,Madracis decactis,10,2,2024-08-15,9529.987505281379,488.80873504303463,0.4888087350430346,Low pH,Stress,Stress,High_Temp
20240215,DL-1-10,1592.051576124134,30.12637455132537,Diploria labrinthiformis,15,5,2024-08-06,23880.77364186201,792.6866075829031,0.7926866075829031,Control,Recovery,Recovery,NONE
20240215,MD-1-11,585.8832975261826,8.323442355538113,Madracis decactis,9.5,2,2024-07-23,5565.891326498734,668.7006515754139,0.6687006515754139,Low pH,Priming,Priming,NONE
20240215,DL-4-7,1420.5218487955851,51.52412654233246,Diploria labrinthiformis,37.5,4,2024-07-23,53269.56932983444,1033.8762227452398,1.0338762227452398,Control,Priming,Priming,NONE
20240215,MD-5-12,912.2081446390317,26.00571835107695,Madracis decactis,25,acclimation,2024-07-09,22805.20361597579,876.930346937768,0.8769303469377681,Acclimation,Acclimation,Acclimation,NONE
20240215,MD-2-11,803.9561520871731,8.259884676356911,Madracis decactis,12.5,acclimation,2024-07-09,10049.451901089664,1216.6576526007934,1.2166576526007935,Acclimation,Acclimation,Acclimation,NONE
20240215,MD-1-9,931.5575346120692,14.933440990383868,Madracis decactis,9,5,2024-08-15,8384.017811508622,561.4257167458836,0.5614257167458836,Control,Stress,Stress,Control
20240215,MD-5-20,955.6135329569266,33.95572472199313,Madracis decactis,30,7,2024-08-15,28668.4059887078,844.2878549471592,0.8442878549471592,High Heat,Stress,Stress,Control
20240215,MD-2-5,934.1723170408582,11.686702878877105,Madracis decactis,20,5,2024-07-23,18683.446340817165,1598.6926795739955,1.5986926795739955,Control,Priming,Priming,NONE
20240215,DL-3-25,1478.5700187146977,32.11520026237067,Diploria labrinthiformis,24.5,2,2024-07-23,36224.965458510094,1127.9694712336834,1.1279694712336834,Low pH,Priming,Priming,NONE
20240215,DL-4-19,1842.547732802106,30.45475589,Diploria labrinthiformis,25,7,2024-08-15,46063.693320052655,1512.5287323408802,1.5125287323408803,High Heat,Stress,Stress,Control
20240215,DL-3-24,2140.6329296840354,33.77299639,Diploria labrinthiformis,16,5,2024-08-15,34250.126874944566,1014.1275733853997,1.0141275733853998,Control,Stress,Stress,Control
20240215,MD-5-26,1006.8632685611883,19.427498555821863,Madracis decactis,12.5,2,2024-07-23,12585.790857014854,647.8338331026798,0.6478338331026798,Low pH,Priming,Priming,NONE
20240215,DL-1-25,1732.2039143072166,33.37046442619954,Diploria labrinthiformis,13.5,acclimation,2024-07-09,23384.752843147424,700.7619835457783,0.7007619835457783,Acclimation,Acclimation,Acclimation,NONE
20240215,MD-2-24,396.0500931961117,7.211182969866963,Madracis decactis,5.5,4,2024-08-15,2178.2755125786143,302.0690948601462,0.3020690948601462,Control,Stress,Stress,High_Temp
20240215,DL-1-4,1813.2621695996713,43.48143188927681,Diploria labrinthiformis,22.5,4,2024-08-06,40798.39881599261,938.2947396921884,0.9382947396921884,Control,Recovery,Recovery,NONE
20240215,MD-2-3,816.5071077453597,15.028777509155692,Madracis decactis,12.5,6,2024-08-15,10206.338846816996,679.1196982322206,0.6791196982322206,High Heat,Stress,Stress,High_Temp
20240215,MD-1-1,162.28854406238804,4.650338146190751,Madracis decactis,2.5,acclimation,2024-07-09,405.7213601559701,87.24556094664003,0.08724556094664003,Acclimation,Acclimation,Acclimation,NONE
20240215,DL-2-18,1583.6842723520097,26.659832799316916,Diploria labrinthiformis,30,5,2024-08-06,47510.52817056029,1782.1015055944993,1.7821015055944993,Control,Recovery,Recovery,NONE
20240215,DL-4-11,1464.9731500849957,32.58658638296467,Diploria labrinthiformis,36,3,2024-08-06,52739.033403059846,1618.4276801276214,1.6184276801276214,Low pH,Recovery,Recovery,NONE
20240215,DL-2-9,1380.7771558779946,25.497256917627283,Diploria labrinthiformis,20,5,2024-07-23,27615.543117559893,1083.0789840168318,1.0830789840168318,Control,Priming,Priming,NONE
20240215,DL-2-17,1915.7616408081944,29.68941550695454,Diploria labrinthiformis,25,acclimation,2024-07-09,47894.04102020486,1613.1688752507105,1.6131688752507105,Acclimation,Acclimation,Acclimation,NONE
20240215,MD-1-7,659.09720553227055,13.559006178090184,Madracis decactis,20,4,2024-08-15,13181.94411064541,972.1910247335042,0.9721910247335042,Control,Stress,Stress,High_Temp
20240215,DL-2-14,1571.1333166938232,29.138582287384025,Diploria labrinthiformis,22.5,4,2024-08-06,35350.499625611024,1213.18529765659,1.21318529765659,Control,Recovery,Recovery,NONE
20240215,MD-5-8,653.344684188935,10.87369423268413,Madracis decactis,7.5,7,2024-07-23,4900.085131417013,450.6366490137589,0.45063664901375894,High Heat,Priming,Priming,NONE
20240215,DL-3-12,1858.7593838605972,17.534009363548293,Diploria labrinthiformis,13.5,3,2024-07-23,25093.25168211806,1431.1188708661687,1.4311188708661686,Low pH,Priming,Priming,NONE
20240215,DL-3-21,1060.7277865942388,42.673719716348955,Diploria labrinthiformis,25,acclimation,2024-07-09,26518.194664855968,621.4174635143522,0.6214174635143522,Acclimation,Acclimation,Acclimation,NONE
20240215,DL-3-1,1743.7089569938876,35.98162574589414,Diploria labrinthiformis,23,5,2024-08-06,40105.306010859415,1114.6051680401301,1.11460516804013,Control,Recovery,Recovery,NONE
20240215,DL-2-11,1553.8757526638167,19.207694915320133,Diploria labrinthiformis,20,5,2024-08-06,31077.515053276333,1617.9721299346954,1.6179721299346954,Control,Recovery,Recovery,NONE
20240215,DL-2-7,1626.043747698389,21.048219374942683,Diploria labrinthiformis,22,4,2024-08-06,35772.96244936456,1699.5719120996655,1.6995719120996655,Control,Recovery,Recovery,NONE
20240215,MD-5-9,1242.716643637943,27.136515393175955,Madracis decactis,13,5,2024-08-15,16155.316367293259,595.3349622536964,0.5953349622536964,Control,Stress,Stress,Control
20240215,MD-1-6,666.4185963328794,10.113650319142131,Madracis decactis,22.5,6,2024-08-06,14994.418417489785,1482.5921348209768,1.4825921348209767,High Heat,Recovery,Recovery,NONE
20240215,DL-1-18,1565.9037518362456,30.412384107640705,Diploria labrinthiformis,26,6,2024-08-15,40713.49754774239,1338.714433029723,1.3387144330297231,High Heat,Stress,Stress,High_Temp
20250128,MD-1-4,724.4667662519919,15.333324721898936,Madracis decactis,9,2,2024-08-15,6520.2008962679265,425.2307320509443,0.4252307320509443,Low pH,Stress,Stress,High_Temp
20250128,DL-1-3,1614.0157485259606,45.72448831704712,Diploria labrinthiformis,27,7,2024-07-23,43578.425210200934,953.0653445049907,0.9530653445049907,High Heat,Priming,Priming,NONE
20250128,DL-3-5,1205.0637766633836,24.68160003480179,Diploria labrinthiformis,26,6,2024-08-06,31331.658193247975,1269.4338352890172,1.2694338352890173,High Heat,Recovery,Recovery,NONE
20250128,MD-5-7,1013.6617028760393,32.33235566623977,Madracis decactis,22.5,6,2024-08-15,22807.388314710883,705.4044731583075,0.7054044731583075,High Heat,Stress,Stress,High_Temp
20250128,MD-4-11,769.4410240271602,24.347922219100468,Madracis decactis,32.5,7,2024-08-15,25006.833280882707,1027.062311759208,1.027062311759208,High Heat,Stress,Stress,Control
20250128,DL-4-14,2563.704726662072,32.981173641214696,Diploria labrinthiformis,17.5,3,2024-07-23,44864.83271658626,1360.316440059041,1.360316440059041,Low pH,Priming,Priming,NONE
20250128,MD-1-23,936.2641429838891,14.671265563761358,Madracis decactis,15,acclimation,2024-07-09,14043.962144758336,957.2427193634551,0.9572427193634551,Acclimation,Acclimation,Acclimation,NONE
20250128,MD-4-4,677.4006825337925,9.973293777617007,Madracis decactis,12.5,7,2024-07-23,8467.508531672407,849.0182602136896,0.8490182602136895,High Heat,Priming,Priming,NONE
20250128,DL-3-17,1462.3583676562068,28.86581391423141,Diploria labrinthiformis,25,3,2024-08-06,36558.95919140517,1266.5140605434615,1.2665140605434615,Low pH,Recovery,Recovery,NONE
20250128,MD-2-25,1092.6281322254627,13.220031889123772,Madracis decactis,7.5,2,2024-07-23,8194.71099169097,619.8707431585566,0.6198707431585566,Low pH,Priming,Priming,NONE
20250128,MD-4-20,738.5865913674518,26.55919980728,Madracis decactis,15.5,5,2024-08-06,11448.092166195502,431.0405527751452,0.4310405527751452,Control,Recovery,Recovery,NONE
20250128,MD-4-5,1109.8856962554692,17.592270569464407,Madracis decactis,17,2,2024-08-06,18868.056836342977,1072.5197047101472,1.0725197047101471,Low pH,Recovery,Recovery,NONE
20250128,MD-2-23,1015.7535288190704,15.010239852727793,Madracis decactis,15,3,2024-07-23,15236.302932286057,1015.0605907551292,1.0150605907551291,Low pH,Priming,Priming,NONE
20250128,DL-4-4,2035.5186760467236,29.99661095633033,Diploria labrinthiformis,15.4,5,2024-07-23,31346.987611119544,1045.0176407179838,1.0450176407179839,Control,Priming,Priming,NONE
20250128,MD-2-15,800.2954566868686,13.132640080249624,Madracis decactis,25,4,2024-08-06,20007.386417171718,1523.4854754956034,1.5234854754956033,Control,Recovery,Recovery,NONE
20250128,DL-4-6,1937.2028567242628,33.56113746,Diploria labrinthiformis,30,acclimation,2024-07-09,58116.08570172788,1731.6482723803333,1.7316482723803333,Acclimation,Acclimation,Acclimation,NONE
20250128,DL-2-12,1732.2039143072166,36.63838843076661,Diploria labrinthiformis,26,7,2024-07-23,45037.30177198763,1229.238066982448,1.2292380669824479,High Heat,Priming,Priming,NONE
20250128,DL-4-26,744.862069196545,27.07560595,Diploria labrinthiformis,37,2,2024-07-23,27559.896560272166,1017.886602839711,1.017886602839711,Low pH,Priming,Priming,NONE
20250128,MD-4-14,947.7691856705601,16.080127452278187,Madracis decactis,20,acclimation,2024-07-09,18955.383713411204,1178.8080517188723,1.1788080517188724,Acclimation,Acclimation,Acclimation,NONE
20250128,MD-2-4,1166.8879532030662,19.194453732157413,Madracis decactis,11,6,2024-07-23,12835.767485233728,668.7227291980357,0.6687227291980358,High Heat,Priming,Priming,NONE
20250128,MD-1-10,1473.3404538571199,24.04867147962222,Madracis decactis,13.7,3,2024-08-15,20184.76421784254,839.3296999772406,0.8393296999772406,Low pH,Stress,Stress,Control
20250128,MD-4-25,380.8843551091363,5.632833936866938,Madracis decactis,5.5,3,2024-08-06,2094.86395310025,371.90231002361895,0.37190231002361895,Low pH,Recovery,Recovery,NONE
20250128,MD-2-12,725.5126792235075,18.09543552964898,Madracis decactis,12.5,7,2024-08-06,9068.908490293843,501.1710536303275,0.5011710536303275,High Heat,Recovery,Recovery,NONE
20250129,MD-2-16,1486.4143660010643,24.79017773673634,Madracis decactis,17,acclimation,2024-07-09,25269.044222018092,1019.3167830568688,1.0193167830568688,Acclimation,Acclimation,Acclimation,NONE
20250129,MD-2-8,556.5977343237473,8.153955211054885,Madracis decactis,20,5,2024-08-06,11131.954686474946,1365.2214659436172,1.3652214659436173,Control,Recovery,Recovery,NONE
20250129,DL-3-15,995.3582258745172,31.88480367533876,Diploria labrinthiformis,28,5,2024-07-23,27870.03032448648,874.0850534401284,0.8740850534401283,Control,Priming,Priming,NONE
20250129,MD-5-24,1072.7557857666675,45.18954451727187,Madracis decactis,31,5,2024-08-06,33255.42935876669,735.909815290485,0.7359098152904849,Control,Recovery,Recovery,NONE
20250129,MD-1-22,1396.4658504507274,20.23256249211714,Madracis decactis,16,7,2024-08-06,22343.45360721164,1104.3313774968904,1.1043313774968904,High Heat,Recovery,Recovery,NONE
20250129,DL-1-21,1587.344967752314,29.443129500127363,Diploria labrinthiformis,30,2,2024-08-06,47620.34903256942,1617.3671019707137,1.6173671019707136,Low pH,Recovery,Recovery,NONE
20250129,DL-4-13,1808.0326047420936,64.48459662203389,Diploria labrinthiformis,33,7,2024-07-23,59665.07595648909,925.2609007730381,0.9252609007730381,High Heat,Priming,Priming,NONE
20250129,DL-3-3,1756.259912652074,33.75181050128685,Diploria labrinthiformis,32.5,4,2024-08-15,57078.44716119241,1691.1225298274353,1.6911225298274353,Control,Stress,Stress,High_Temp
20250129,MD-2-14,483.9067828034173,13.845015734405662,Madracis decactis,20,6,2024-08-06,9678.135656068345,699.033922512462,0.699033922512462,High Heat,Recovery,Recovery,NONE
20250129,MD-4-3,546.6615610943497,12.58975157057684,Madracis decactis,19,6,2024-08-15,10386.569660792646,825.0019551669955,0.8250019551669955,High Heat,Stress,Stress,High_Temp
20250129,DL-3-26,1563.8119258932143,26.299672617290064,Diploria labrinthiformis,21,6,2024-07-23,32840.0504437575,1248.6866632008046,1.2486866632008045,High Heat,Priming,Priming,NONE
20250129,MD-4-12,305.05566467425956,8.861034391945857,Madracis decactis,33,3,2024-07-23,10066.836934250565,1136.0792080212113,1.1360792080212114,Low pH,Priming,Priming,NONE
20250129,MD-1-21,478.6772179458395,23.648787748107104,Madracis decactis,49,6,2024-08-06,23455.183679346137,991.8133618169725,0.9918133618169724,High Heat,Recovery,Recovery,NONE
20250129,MD-1-18,574.3782548395116,26.982917668488064,Madracis decactis,32.2,3,2024-08-15,18494.979805832274,685.4329110388086,0.6854329110388085,Low pH,Stress,Stress,Control
20250129,DL-4-8,1943.4783345533563,32.71634997795962,Diploria labrinthiformis,35,acclimation,2024-07-09,68021.74170936747,2079.1360208333886,2.0791360208333884,Acclimation,Acclimation,Acclimation,NONE
20250129,MD-5-18,455.6671325724976,21.28656067187213,Madracis decactis,31,4,2024-08-15,14125.681109747426,663.5962158232999,0.6635962158232999,Control,Stress,Stress,High_Temp
20250129,DL-1-5,1004.7714426181572,23.83946078565076,Diploria labrinthiformis,5.5,7,2024-08-06,5526.242934399865,231.81073532192357,0.23181073532192356,High Heat,Recovery,Recovery,NONE
20250129,MD-4-17,676.3547695622769,21.768539738996346,Madracis decactis,37.5,4,2024-08-15,25363.303858585386,1165.135749236746,1.165135749236746,Control,Stress,Stress,High_Temp
20250129,MD-5-5,591.6358188695181,22.348503561524893,Madracis decactis,33.5,5,2024-07-23,19819.799932128855,886.8513221731121,0.886851322173112,Control,Priming,Priming,NONE
20250129,MD-4-18,334.86418436245253,18.731012321461098,Madracis decactis,39,7,2024-08-06,13059.70319013565,697.2235651765851,0.6972235651765851,High Heat,Recovery,Recovery,NONE
20250129,MD-5-6,663.8038139040905,20.770154528524877,Madracis decactis,26.5,5,2024-08-06,17590.801068458397,846.9268268707348,0.8469268268707347,Control,Recovery,Recovery,NONE
20250129,MD-4-19,522.0826062637345,20.333195484154057,Madracis decactis,15,4,2024-08-06,7831.239093956018,385.145517341778,0.385145517341778,Control,Recovery,Recovery,NONE
20250129,MD-5-25,541.9549527225299,24.46709286756524,Madracis decactis,27,2,2024-08-15,14632.783723508308,598.0597614400783,0.5980597614400783,Low pH,Stress,Stress,High_Temp
20250129,DL-4-18,2576.2556823202585,36.68870492678523,Diploria labrinthiformis,21.5,4,2024-08-06,55389.49716988556,1509.7152456163012,1.5097152456163012,Control,Recovery,Recovery,NONE
20250129,DL-1-9,1836.795211458771,27.086198897157473,Diploria labrinthiformis,27.5,6,2024-07-23,50511.868315116204,1864.8562873994515,1.8648562873994514,High Heat,Priming,Priming,NONE
20250129,MD-1-19,255.89775501302907,4.626504016497796,Madracis decactis,7.5,5,2024-07-23,1919.233162597718,414.8344313014458,0.4148344313014458,Control,Priming,Priming,NONE
20250129,DL-1-1,1279.323597640987,25.436347475078676,Diploria labrinthiformis,18,3,2024-08-06,23027.824757537765,905.3117700998279,0.9053117700998279,Low pH,Recovery,Recovery,NONE
20250129,DL-4-3,2081.5388467934076,31.786818919934348,Diploria labrinthiformis,27.5,5,2024-08-15,57242.31828681871,1800.8193405890183,1.8008193405890183,Control,Stress,Stress,Control
20250129,DL-2,1848.8232106311993,34.06165418729527,Diploria labrinthiformis,22.5,start of acclimation,2024-06-20,41598.522239201986,1221.2713454978916,1.2212713454978916,Acclimation,Acclimation,Acclimation,NA
20250129,MD-5-19,783.0378926568624,13.27564485840734,Madracis decactis,11.5,4,2024-08-15,9004.935765553917,678.3049608208808,0.6783049608208808,Control,Stress,Stress,High_Temp
20250129,MD-1-3,625.1050339580154,15.804710842492932,Madracis decactis,22.5,4,2024-07-23,14064.863264055346,889.9158867393012,0.8899158867393012,Control,Priming,Priming,NONE
20250129,DL-1-22,2470.6184721971895,37.34811584829015,Diploria labrinthiformis,20,3,2024-07-23,49412.36944394379,1323.021746121256,1.323021746121256,Low pH,Priming,Priming,NONE
20250129,MD-5-11,785.1297185998933,13.116750660454263,Madracis decactis,17,6,2024-08-15,13347.205216198186,1017.5694851346623,1.0175694851346622,High Heat,Stress,Stress,High_Temp
20250129,MD-1-26,1056.5441347081764,12.407023242930796,Madracis decactis,12.5,7,2024-08-15,13206.801683852205,1064.461750837543,1.064461750837543,High Heat,Stress,Stress,Control
20250129,MD-5-14,205.1709758945253,8.458502423798198,Madracis decactis,42.3,4,2024-07-23,8678.73228033842,1026.036506878641,1.026036506878641,Control,Priming,Priming,NONE
20250129,MD-5-21,929.9886651547959,15.926529727590248,Madracis decactis,21,5,2024-08-15,19529.761968250714,1226.2408887743086,1.2262408887743086,Control,Stress,Stress,Control
20250129,MD-1-12,421.6749609982425,15.83648968208351,Madracis decactis,19,7,2024-08-15,8011.824258966608,505.90910105733366,0.5059091010573337,High Heat,Stress,Stress,Control
20250129,MD-1-12,421.6749609982425,15.83648968208351,Madracis decactis,25,7,2024-08-15,10541.874024956063,665.6698698122811,0.6656698698122812,High Heat,Stress,Stress,Control
20250129,MD-1-12,421.6749609982425,18.847534733293273,Madracis decactis,19,7,2024-08-15,8011.824258966608,425.08605885809044,0.4250860588580904,High Heat,Stress,Stress,Control
20250129,MD-1-12,421.6749609982425,18.847534733293273,Madracis decactis,25,7,2024-08-15,10541.874024956063,559.3237616553822,0.5593237616553822,High Heat,Stress,Stress,Control
20250129,MD-1-15,473.44765308826186,13.921814596749584,Madracis decactis,19,6,2024-07-23,8995.505408676976,646.1446060901583,0.6461446060901582,High Heat,Priming,Priming,NONE
20250129,DL-3,2173.579188286775,23.21447694036892,Diploria labrinthiformis,17.5,start of acclimation,2024-06-20,38037.63579501856,1638.5308138850564,1.6385308138850565,Acclimation,Acclimation,Acclimation,NONE
20250129,DL-1-24,1491.1209743728843,42.07257000076001,Diploria labrinthiformis,30,5,2024-08-15,44733.62923118653,1063.2492674057812,1.0632492674057812,Control,Stress,Stress,Control
20250129,MD-2,442.0702639427956,20.42853200292583,Madracis decactis,49,start of acclimation,2024-06-20,21661.442933196984,1060.3523997756947,1.0603523997756947,Acclimation,Acclimation,Acclimation,NONE
20250129,DL-3-20,2082.0618032791654,35.56850083,Diploria labrinthiformis,25.5,7,2024-08-06,53092.57598361871,1492.685233976411,1.492685233976411,High Heat,Recovery,Recovery,NONE
20250129,DL-1-2,1943.478334553356,23.582581832293315,Diploria labrinthiformis,15.5,acclimation,2024-07-09,30123.914185577018,1277.3798220992999,1.2773798220992998,Acclimation,Acclimation,Acclimation,NONE
20250129,DL-4-2,2376.4863047607905,31.744447133813637,Diploria labrinthiformis,22.5,4,2024-08-15,53470.94185711779,1684.418746740795,1.6844187467407952,Control,Stress,Stress,High_Temp
20250129,MD-1-25,1252.1298603815828,15.309490592205991,Madracis decactis,15,4,2024-08-15,18781.947905723744,1226.8172995439554,1.2268172995439555,Control,Stress,Stress,High_Temp
20250129,DL-1,1104.6561313978914,36.296765905167746,Diploria labrinthiformis,34,start of acclimation,2024-06-20,37558.30846752831,1034.7563351968213,1.0347563351968212,Acclimation,Acclimation,Acclimation,NA
20250129,MD-2-10,1436.2105433683182,33.092399579781834,Madracis decactis,24,3,2024-08-06,34469.05304083964,1041.6002912614074,1.0416002912614073,Low pH,Recovery,Recovery,NONE
20250129,MD-4-13,293.0276655018308,8.797476712764643,Madracis decactis,7.6,5,2024-07-23,2227.010257813914,253.14193268424881,0.25314193268424884,Control,Priming,Priming,NONE
20250130,MD-5-10,255.37479852727128,17.711441217929178,Madracis decactis,43.5,7,2024-08-06,11108.8037359363,627.2106035442746,0.6272106035442746,High Heat,Recovery,Recovery,NONE
20250130,DL-2-15,2125.4671915970603,48.068177736854096,Diploria labrinthiformis,26.5,6,2024-07-23,56324.880577322096,1171.770664693568,1.171770664693568,High Heat,Priming,Priming,NONE
20250130,DL-4-15,2161.5511891143465,28.83138683800815,Diploria labrinthiformis,21,6,2024-08-15,45392.57497140128,1574.4152449704802,1.5744152449704802,High Heat,Stress,Stress,High_Temp
20250130,DL-4-21,1665.265484130222,23.52696886300979,Diploria labrinthiformis,26.5,5,2024-08-06,44129.53532945088,1875.6999929061587,1.8756999929061586,Control,Recovery,Recovery,NONE
20250130,DL-1-23,1601.464792867774,38.16642096774819,Diploria labrinthiformis,30.5,6,2024-08-06,48844.676182467105,1279.7814137129174,1.2797814137129173,High Heat,Recovery,Recovery,NONE
20250130,MD-2-26,510.5775635770636,24.99674019,Madracis decactis,30,7,2024-08-15,15317.326907311908,612.7729772316327,0.6127729772316327,High Heat,Stress,Stress,Control
20250130,MD-5-15,507.43982466251697,22.745739056407466,Madracis decactis,36.5,6,2024-08-06,18521.55360018187,814.2867353859119,0.8142867353859119,High Heat,Recovery,Recovery,NONE
20250130,MD-2-6,508.4857376340325,7.428338373736081,Madracis decactis,15,5,2024-08-15,7627.286064510487,1026.7822601455277,1.0267822601455276,Control,Stress,Stress,Control
20250130,DL-3-23,1772.9945201963228,20.55564736128828,Diploria labrinthiformis,23.5,acclimation,2024-07-09,41665.371224613584,2026.9549526851924,2.0269549526851924,Acclimation,Acclimation,Acclimation,NONE
20250130,DL-4-20,2079.9699773361344,28.132252367014974,Diploria labrinthiformis,25,6,2024-08-06,51999.24943340336,1848.385573789762,1.848385573789762,High Heat,Recovery,Recovery,NONE
20250130,DL-2-5,1916.80755377971,40.21350788470975,Diploria labrinthiformis,35,2,2024-07-23,67088.26438228985,1668.301720273416,1.668301720273416,Low pH,Priming,Priming,NONE
20250130,DL-4-9,2059.574674391581,32.34030038,Diploria labrinthiformis,30,6,2024-08-15,61787.24023174743,1910.533900605268,1.910533900605268,High Heat,Stress,Stress,High_Temp
20250130,DL-3-7,1099.4265665403136,19.21034315195268,Diploria labrinthiformis,26,6,2024-08-15,28585.090730048156,1488.0052117727296,1.4880052117727296,High Heat,Stress,Stress,High_Temp
20250130,MD-4-9,991.1745739884551,15.902695597897305,Madracis decactis,10,2,2024-07-23,9911.74573988455,623.2745686960836,0.6232745686960837,Low pH,Priming,Priming,NONE
20250130,MD-5-13,639.747815559233,13.3365543,Madracis decactis,15,3,2024-08-06,9596.217233388496,719.5424708306025,0.7195424708306025,Low pH,Recovery,Recovery,NONE
20250130,MD-5-1,794.0199788577755,10.823377736665671,Madracis decactis,17.5,2,2024-08-06,13895.349630011071,1283.827467550973,1.283827467550973,Low pH,Recovery,Recovery,NONE
20250130,DL-1-20,1566.949664807761,35.39901369,Diploria labrinthiformis,22.5,6,2024-08-15,35256.36745817462,995.9703331546306,0.9959703331546306,High Heat,Stress,Stress,High_Temp
20250130,MD-2-23,812.3234558592974,15.010239852727793,Madracis decactis,15,3,2024-07-23,12184.85183788946,811.769295989972,0.8117692959899719,Low pH,Priming,Priming,NONE
20250130,MD-4-8,756.8900683689737,14.093949977865355,Madracis decactis,15,acclimation,2024-07-09,11353.351025534606,805.5478445265608,0.8055478445265608,Acclimation,Acclimation,Acclimation,NONE
20250130,MD-2-1,1133.4187381145687,17.438672844776512,Madracis decactis,17.5,2,2024-07-23,19834.82791700495,1137.404669125734,1.137404669125734,Low pH,Priming,Priming,NONE
20250130,DL-3-22,1823.7212993148266,30.04163097908367,Diploria labrinthiformis,20,6,2024-08-15,36474.425986296534,1214.129353086444,1.214129353086444,High Heat,Stress,Stress,High_Temp
20250130,MD-2-13,742.2472867677561,14.986405723034894,Madracis decactis,17,6,2024-08-15,12618.203875051855,841.976662600093,0.8419766626000931,High Heat,Stress,Stress,High_Temp
20250130,DL-2-23,1746.8466959084344,24.657765905108796,Diploria labrinthiformis,12,7,2024-08-15,20962.160350901213,850.1240717253343,0.8501240717253342,High Heat,Stress,Stress,Control
20250130,DL-3-16,1433.0728044537718,29.92510856725144,Diploria labrinthiformis,26.5,2,2024-08-06,37976.42931802495,1269.0490072134435,1.2690490072134435,Low pH,Recovery,Recovery,NONE
20250130,DL-1-26,1323.7748989303975,24.678951798169244,Diploria labrinthiformis,26.5,7,2024-08-15,35080.034821655536,1421.4556237456518,1.4214556237456517,High Heat,Stress,Stress,Control
20250130,DL-2-1,1873.9251219475727,25.243026200902477,Diploria labrinthiformis,7,3,2024-08-06,13117.475853633008,519.6475156835213,0.5196475156835213,Low pH,Recovery,Recovery,NONE
20250130,MD-5-16,779.377197256558,20.272286041605348,Madracis decactis,18,6,2024-07-23,14028.789550618045,692.0181336148469,0.6920181336148469,High Heat,Priming,Priming,NONE
20250130,MD-5-4,1041.9013531069588,21.01114406208697,Madracis decactis,15,7,2024-08-15,15628.520296604382,743.8205292592739,0.7438205292592739,High Heat,Stress,Stress,Control
20250130,MD-1-12,895.4735370947831,15.83648968208351,Madracis decactis,19,7,2024-08-15,17013.99720480088,1074.3540738102795,1.0743540738102795,High Heat,Stress,Stress,Control
20250130,MD-1-12,895.4735370947831,15.83648968208351,Madracis decactis,25,7,2024-08-15,22386.838427369577,1413.6237813293153,1.4136237813293153,High Heat,Stress,Stress,Control
20250130,MD-1-12,895.4735370947831,18.847534733293273,Madracis decactis,19,7,2024-08-15,17013.99720480088,902.7173816396509,0.9027173816396509,High Heat,Stress,Stress,Control
20250130,MD-1-12,895.4735370947831,18.847534733293273,Madracis decactis,25,7,2024-08-15,22386.838427369577,1187.7860284732249,1.187786028473225,High Heat,Stress,Stress,Control
20250130,MD-1-17,464.0344363446219,8.270477622887112,Madracis decactis,7.5,6,2024-08-15,3480.258272584664,420.80499232035316,0.4208049923203532,High Heat,Stress,Stress,High_Temp
20250130,DL-3-20,1608.7861836683828,35.56850083,Diploria labrinthiformis,25.5,7,2024-08-06,41024.04768354376,1153.3814112553857,1.1533814112553857,High Heat,Recovery,Recovery,NONE
20250130,MD-2-22,764.7344156553404,12.015084221313336,Madracis decactis,17.5,4,2024-07-23,13382.852273968458,1113.8375751231827,1.1138375751231826,Control,Priming,Priming,NONE
20250130,DL-2-6,1475.4322798001513,22.173719943776504,Diploria labrinthiformis,29.5,acclimation,2024-07-09,43525.25225410446,1962.9206269614083,1.9629206269614083,Acclimation,Acclimation,Acclimation,NONE
20250130,DL-1-8,994.8352693887596,31.23333746373138,Diploria labrinthiformis,25,5,2024-07-23,24870.88173471899,796.2927997560117,0.7962927997560117,Control,Priming,Priming,NONE
